hinge_stress,temperature,vibration,failure
70.75350332532,40.23558064793831,0.6741540302475276,1
68.63347539926606,47.524441057330975,0.6771177362015658,1
51.64663878704606,27.423180706310568,0.5351302859107622,0
54.32511330226406,29.69612232503249,0.5593068098197136,0
45.09973942558332,33.51738058163066,0.4874333365496661,0
69.66332531429288,48.01598962682768,0.6816607789389618,1
45.52933675121388,28.254995566344505,0.4750021718759463,0
64.66505037209026,45.537357273600485,0.7674533094097352,1
56.76216864109759,18.639402304055224,0.492516141365458,0
74.46517596960567,50.09670994983578,0.6663587527613715,1
74.07474211702248,47.55587052083086,0.7619605589186457,1
46.10191483535749,29.111579390230407,0.38041839400691435,0
51.98930607791325,31.400150808820584,0.5139308405368513,0
64.81546432155481,44.5269376755934,0.6789790308922403,1
48.04662173127656,32.245834908718685,0.48649324987197884,0
54.80165670780157,40.21311150970784,0.444993088441108,0
47.727723762142446,38.371509454994175,0.5133997910753036,0
68.24414514310479,47.31297481901455,0.7231552361910579,1
71.21602470837023,46.975552616527544,0.7476182680346786,1
46.11940100974444,23.381716897759524,0.4865711210693967,0
44.9666604019674,25.390553536918027,0.5562638946927088,0
69.36083182840576,41.21653220903365,0.7046915268999919,1
72.49127771888163,41.381687040325154,0.7409889459314056,1
47.85676382108245,33.416724930411114,0.5295948777753023,0
44.491475832395686,37.023228953588294,0.5323687053856279,0
52.344427811885275,25.539272983617003,0.5123462758043232,0
71.38322066243559,41.290203947323015,0.6832982813818573,1
51.16106587339112,34.69706946423749,0.45947041365764146,0
42.53185326619062,27.587316465424465,0.4913600082315106,0
56.00203903809511,35.39270780967692,0.5299109113958586,0
50.580123204356894,28.97126886339646,0.5373214617686897,0
71.15929197801756,47.124139128199715,0.5772459667020633,1
69.35875368152267,45.95455591264934,0.7081808758776349,1
69.05353760806132,48.2236672579715,0.6915737371548105,1
43.632784839879214,28.611058825174915,0.44655781248566045,0
56.20709976610971,34.30572086040347,0.4447150661388099,0
51.27397972583639,33.49374976088262,0.6292371274202747,0
50.51081244245918,35.263097802343395,0.5692766790996656,0
53.123989731110285,26.070567407139823,0.463241321121995,0
68.71529578439504,44.95488479015775,0.8089310168877599,1
70.20742159537677,49.68731015721559,0.773940623949283,1
49.35389003405032,31.286488175320414,0.48656644756522466,0
70.33534934507658,42.36225267384914,0.7236993241448458,1
40.65053970550899,27.866595116784325,0.4579300320898269,0
67.16566030821726,50.816856019954216,0.7165930774177494,1
47.6128328356455,34.01348892987163,0.48594962981600176,0
43.43843982718067,35.22386448295335,0.5325933945058074,0
45.31494154414591,33.8451940947494,0.5512249415578935,0
47.88666579161243,31.895391562552287,0.5864707950856691,0
50.83006843686496,30.855487407905485,0.46674041689347007,0
67.32737527594934,49.35113994717348,0.6664926930317462,1
60.472058925671696,40.848875868780304,0.7401557687051249,1
47.852083122508915,33.965576919351946,0.4828115921564578,0
53.28930919633107,25.622341605240283,0.506581965652611,0
70.19059007575636,45.714633902284405,0.7210537770784443,1
51.194438460207635,22.97595034562484,0.4362095114408412,0
72.80021121357044,47.62867665864309,0.6904686365568554,1
70.93589778381752,50.77732241304489,0.7405187613318293,1
71.66166697403924,43.471498276171005,0.6400414839851004,1
48.65284129750814,29.010423945570924,0.5844804635342672,0
44.19742627239998,29.491578007763565,0.5240597787664374,0
46.416486671741154,29.57416586199538,0.49018095614792767,0
45.01507726573621,23.678846718706833,0.49548979968527934,0
46.18329958636471,35.67229756373901,0.4661466626720519,0
44.09324512934014,29.53487327212352,0.567856354748765,0
71.6562694234089,36.880437045201624,0.7175426043611278,1
51.47576114631646,26.660855885620272,0.4827295408617327,0
46.66337433790889,29.45824970263307,0.5496185290253266,0
49.97591424642152,20.676730471300594,0.48890128459929527,0
40.5663561967196,34.107299548728825,0.4915505549465223,0
53.00144808742195,37.47487813582574,0.4720165018884604,0
59.12528031439074,25.62557304235823,0.4893193595534081,0
71.04087489795467,45.18537385553066,0.6953606106671779,1
42.51177742225509,35.31346295601084,0.47826268645591613,0
51.19657827080146,20.066372747146858,0.5069221970116101,0
54.196756298238135,31.02514433706149,0.5187337022063483,0
45.0149416933374,27.3593984345107,0.43221013289351123,0
37.94912967396567,28.769453064005756,0.4158981071331985,0
68.27033801822421,47.41773717362539,0.7658775683620733,1
73.04377741637201,45.460818639609016,0.7321114308639219,1
70.2958745859744,47.44794859138944,0.71118473242229,1
51.66174160455873,34.135194552092706,0.6001742573956894,0
68.39635171002203,42.32437494771299,0.6693237973931423,1
54.39151771373653,27.226455199714195,0.5160405269198846,0
48.89175200105535,28.147609476885883,0.58540096004417,0
71.04294712024027,46.34096607541139,0.7148771416701257,1
70.66656051714513,44.573141623627166,0.7207901029540004,1
51.74656278613203,31.296127149676803,0.45276131911741513,0
70.60101540239913,47.17415292915821,0.6198040724123419,1
67.56224927793927,46.30797433037596,0.627614318603521,1
47.34764222469617,30.65059579087044,0.537163462778034,0
54.49321531711582,33.362877674538666,0.5253177563954715,0
56.8299038091325,26.39500830882753,0.4427539563203105,0
47.464439488697415,22.89933043738708,0.48032186175353525,0
73.74564190455318,47.165703474188504,0.7837741499956289,1
71.69826466892495,43.27626218552445,0.7123369508176686,1
53.259892415397594,24.925329610599757,0.4469898206975215,0
67.082405944754,53.355671849578755,0.6381677328506228,1
53.756262899312,35.86350266214441,0.4283674978477032,0
51.30349114908793,34.02240978586177,0.5438056706884891,0
48.93622328222507,31.77940521838403,0.44132465138147137,0
48.354703529027454,32.59499807292675,0.46594254623236386,0
71.31138796156019,44.10492249465133,0.7482247805710587,1
40.61490464396698,26.26695340590247,0.48935497748001633,0
74.1279311121055,42.025592379350954,0.7535099833966916,1
71.53671415117884,42.07261870741867,0.6725636461038389,1
73.61386129930149,48.79353459911954,0.7074379581924386,1
72.4603872324207,39.86198020360996,0.6758852923159914,1
71.66550595858295,50.256326650260725,0.7953949680078601,1
69.43043506651375,43.263051528904185,0.7017824999145856,1
45.17390601585933,26.60615399994282,0.5150678676912099,0
72.8385473098586,47.58396524655181,0.6443213646405788,1
51.89593609087015,28.345568737974162,0.49755218761428327,0
69.98913690318462,49.16276069237446,0.7075101646869757,1
69.48333691410494,45.559394953757554,0.673230602705551,1
66.7580294209723,49.2986275282675,0.7547352300750485,1
45.951395383891764,28.594616328699203,0.6123584172488838,0
50.6356167192326,25.338674546967336,0.41587414199446804,0
72.6680235069104,49.6810985482594,0.6931111173889252,1
53.25262047274403,24.215963361052594,0.45053745704835124,0
49.479048548840005,29.841048181327945,0.5340641425788673,0
70.39281814297493,47.456892181460006,0.6222306318827474,1
71.5609748906397,42.678824353617756,0.6493198148243916,1
68.87416202473857,41.48452594067162,0.7762701827237103,1
46.136596865221634,35.62037811553836,0.4838002399993622,0
72.35700218401298,43.38828418442069,0.6628452994306137,1
48.805164788693084,32.0995309923691,0.4830618411245344,0
54.649292976501435,31.40623648569856,0.48112111144419906,0
72.00821517857976,42.8932422621325,0.7463882828653177,1
66.36515843643102,40.26054231008843,0.6413113635402162,1
48.18861325978026,22.713920094453435,0.5236444467953012,0
76.46974140599633,42.83269904841484,0.6985033657833746,1
50.010990380678685,27.541135540893436,0.3713946523935545,0
43.683870128906406,27.45170137788569,0.5174525619172431,0
72.61632614100458,47.75109914685138,0.7397955713913125,1
71.02275277198358,48.56572812066062,0.7287840630173487,1
68.5241412362094,43.16934385732417,0.7209336112771718,1
54.10222089451804,30.71041331239825,0.5607836514114467,0
53.09169624330373,31.669780973037437,0.4881949347240546,0
71.44851457123336,44.38806574681488,0.6898921871772556,1
70.92810084823626,48.855229163385204,0.6522472776385791,1
69.33524732002407,45.13328912314897,0.7234499551676011,1
45.06371663280139,27.430983424555983,0.5595394359426671,0
70.07585403623358,45.62405984798684,0.6829321398947487,1
66.9671190814819,43.03124441637679,0.7475427341853847,1
46.987975087281114,28.81678037683722,0.5513905029132251,0
72.58272614881037,48.491820040472334,0.7261319754882283,1
66.3039014271471,42.11277796002432,0.6127323912273275,1
53.60016654958616,25.787449756078487,0.4742671916835607,0
52.88591272742783,30.226341065673218,0.5079025485338962,0
71.63167376052519,44.38605200613738,0.6727790232502419,1
55.987906870743345,30.71254889818318,0.48869371570732023,0
69.7295316611259,42.233907709965706,0.7166322828550988,1
44.56874085891796,26.8905578225785,0.5649461423384583,0
70.28044038671254,42.67821391646133,0.6969755612491655,1
48.01938281520349,26.092371699869513,0.5483406656976687,0
45.274752639711316,34.71463045381297,0.6295637748867178,0
51.28982608289664,36.636254579160244,0.4898922503890062,0
70.195918012891,46.07888146095028,0.713851607509458,1
53.023028824143296,17.058563947104144,0.553770507156713,0
73.57275365829537,45.97832675964732,0.7531112928276215,1
71.17424985360009,41.98682424786778,0.7034030343858426,1
66.24800671295206,41.03348564119477,0.664293311468262,1
48.353779331734344,27.594047556314774,0.5215980492161226,0
58.76940198164426,27.634759195702664,0.5559588534331776,0
71.23666912798008,45.26837587003972,0.7129069530059484,1
48.901843244489804,36.192826449470026,0.5440148151682832,0
74.10176164302179,44.79341732914549,0.6706474978196225,1
68.01319513538013,40.849409002475426,0.6268021421155296,1
49.09392834698005,25.23118756609753,0.4470090783741689,0
71.19486280845086,45.429706319873475,0.6332254096165352,1
78.09410118898879,44.88693094264598,0.7502181949662379,1
49.42037736097492,27.551077432822396,0.5250500888284301,0
37.35059279732556,31.110530661533023,0.48313690924974445,0
43.466813932571405,35.72888854096635,0.4764436126007238,0
45.34820766673359,35.26166926232831,0.4228653508141442,0
48.2912322877018,32.167350315397165,0.47568805043169843,0
72.07527818374285,46.01806364730953,0.7698932508953042,1
48.25515595122642,18.030254347894456,0.45884572854336,0
69.02924252870855,41.35632079400749,0.709872969738074,1
66.37296160872434,43.4742106231439,0.640672888651702,1
70.6529655382133,45.57641261570758,0.7712428300490496,1
58.473083576079794,33.63572909906093,0.5204354573948056,0
72.05402899047482,46.537073641216345,0.669363869225013,1
49.618260729483,24.356308296060252,0.5376797153542201,0
67.24757563363781,43.99576485970722,0.7155580066554628,1
55.059271756053036,24.409904822962332,0.40196137762439754,0
72.46976492071401,46.38529412663146,0.6630552353634017,1
48.37261248085757,25.481819687532855,0.45355509063363836,0
49.079054224215376,31.59433052754721,0.4834023481393601,0
66.12963196920778,44.766675908030436,0.6582720083560472,1
67.05381283661367,40.0143200409238,0.6870034654498303,1
52.11272045004379,24.643737097830947,0.4594906995048602,0
69.59408438728657,45.16223073179604,0.7537557681583386,1
45.07875286467559,39.534306583903515,0.49459627841665976,0
53.846822017345566,28.27151792414702,0.4059436830601354,0
54.40676358412088,32.683892174568626,0.5472584220701592,0
71.50770160487225,43.403375960739986,0.6783096204730629,1
75.64773158301405,41.954175293018395,0.6300746879641667,1
46.65995411802664,28.62124759939718,0.5622848954728992,0
75.70886293704936,47.36145265644636,0.7291398529582419,1
73.71800881190744,43.27511900876161,0.7328496817551715,1
69.01127907703409,43.67985976592695,0.6982200840556717,1
69.03314598323685,39.665708446913825,0.7906526423896749,1
69.91748254012673,46.23300704160206,0.7295372252224196,1
47.43637205076802,34.30514766135748,0.528340272878865,0
66.42931070526417,47.0737423890239,0.7294758682822591,1
71.32336342165823,46.571649255351026,0.6694301287554391,1
67.52207016541922,43.00626160406803,0.6611265901388443,1
67.39141188333798,42.28915898492289,0.7632325616605397,1
68.2076914472765,51.760942844827326,0.7356565703504119,1
72.82613429841511,38.33261316299703,0.7681546709858194,1
48.53394779611514,33.56711571680733,0.5088292022756544,0
71.24937512280023,45.96590973578871,0.7045697318771589,1
73.25523895431442,41.21485152522159,0.6247317734156169,1
50.64174714877774,20.77189944037289,0.46247564051340206,0
69.14301026607544,43.546487300737624,0.7539849337364068,1
51.262141752806684,31.307212129251724,0.38224277158745745,0
64.55934504540075,45.40198329716918,0.7732021693900316,1
48.04585060952929,31.063314595526066,0.4950906596695296,0
74.32424915632787,45.22431194982833,0.7027154765880597,1
72.29075927707079,41.70153879801815,0.7318298093536033,1
67.632693342586,46.23755926160944,0.693354553788397,1
75.77602047851781,37.404651884765705,0.635895288329833,1
42.7768005749061,25.66440949539935,0.5356143381573669,0
49.97481666698816,32.03774930413388,0.5189217378551896,0
72.32909118535406,50.16554683466442,0.7156747444247947,1
39.764376511058735,32.655728489309496,0.540184294289019,0
54.923515511673514,22.989356342221047,0.559822563197138,0
64.82105159594536,44.622897283634515,0.7163945213083904,1
50.50871768611067,31.207497813417955,0.4619961361749435,0
41.484704340862365,31.170626034668782,0.4135299305846731,0
71.58849340256009,43.9397218186581,0.7268717551522583,1
66.50594546591421,48.023286451044,0.7134849998610371,1
69.04715576482982,44.949997426641865,0.6812224972976934,1
49.07160715925207,21.984995183465607,0.560382128686708,0
67.29262088648916,45.580174462857215,0.7264738389839203,1
52.39504115014607,26.74063902276183,0.4894851401086027,0
68.34478038084735,49.38673792760093,0.681201831240685,1
69.94944985427377,45.195040402223256,0.6867432931695965,1
45.92009986894534,29.895421176807584,0.4994577546662501,0
55.449431104272456,35.25211561445323,0.5176374997761481,0
51.813992978125015,25.980671067385444,0.499784437040376,0
72.04884547524414,45.19198126534371,0.6747769090296016,1
57.06917884148548,36.59525494845903,0.5562867351826761,0
53.74149121876738,41.573973174718425,0.4833241222920943,0
72.26281766996844,45.018787834235376,0.7225022573755031,1
69.99780312267706,42.96503487424347,0.7665781949391393,1
46.21029507330293,28.998038093774987,0.49617254272779393,0
47.99000999944427,25.112832029312877,0.5243460012801195,0
78.53192525001501,47.21479731651855,0.6554143180112453,1
42.41077095978997,30.95629353550942,0.5159091309459873,0
47.01210791517207,33.91783155292964,0.4624491050825727,0
43.73289888859128,35.40274636334914,0.5213216530549211,0
70.02728562579907,46.0428165787153,0.6893718724150558,1
66.00188884215041,46.023605184611185,0.7034675610378418,1
53.86529404344408,35.77158056136736,0.5609435014891093,0
42.62266978063276,27.77930416629337,0.5047167927148738,0
56.04376161381792,26.35981685088268,0.4729856826024402,0
67.13416556188442,47.33726666523526,0.7392886733194847,1
47.41611393175911,31.9895482663888,0.524764452825786,0
44.1160272268366,25.90845954356423,0.5359660336073376,0
71.22378162722545,41.845495600677964,0.7352964710215149,1
70.88469227819579,48.449432016452995,0.7225686658553281,1
73.47490187770073,43.03912621142992,0.6982304219989467,1
74.2831330154488,44.75118383962126,0.7201718936010981,1
59.79517290226207,24.81346380219996,0.5470104928753978,0
56.130408741306425,34.40425280973444,0.46267469157260926,0
70.14735824627142,46.348768879684755,0.7106177453917164,1
56.83485586855663,36.986729088229644,0.5685724305181165,0
51.8495048701817,33.233527957272536,0.5179874539686419,0
69.009111344151,49.51783156448043,0.694795718386822,1
75.95946028586108,44.548716064291916,0.6751995870457078,1
70.27559319468068,44.21505072283876,0.7783325158939781,1
44.462324118668285,30.738777189745562,0.5947460994920857,0
51.19003931729897,30.945458528893948,0.4976270666295431,0
42.760809914695166,37.51895956103287,0.5146746721485178,0
52.65683087001164,25.821962734294633,0.47195739985626983,0
62.44159448805611,27.118709133240838,0.4873619268186271,0
44.63478761227518,29.653746874145476,0.5453213432618933,0
69.53000438025948,42.244857199070424,0.7000624382578542,1
73.59889740265147,45.516116038996174,0.7489865668859566,1
53.4824154574139,32.338452170464905,0.4547032874508267,0
74.19724983051202,40.187518610395735,0.6746122106676541,1
69.87855430161157,47.57837402730388,0.7605176819856643,1
72.56961590685991,40.69138156988266,0.7317797733015927,1
67.00614835131935,44.38426804714086,0.6848238080110677,1
70.68023293196856,43.33615638848021,0.6643233610631343,1
74.07602072519927,39.70429178012545,0.6737843409634352,1
66.43866255657233,46.206888562898925,0.7041393515565589,1
43.091010568634786,22.90734054980086,0.5199234767953064,0
74.9123282358713,45.68440669362378,0.7300423388520777,1
44.31283055769394,36.056045424510614,0.46242259798653707,0
74.21297405440906,46.09838129679859,0.7094558321705181,1
54.95599495616152,26.49370343458508,0.40199475118368555,0
73.51103950278757,48.43990642198911,0.6788818328675504,1
38.60747685139707,35.9267249189465,0.5012238929996501,0
70.90232161031538,43.75095182575924,0.6862638549092706,1
64.77146828104132,48.00542576920894,0.7468569613004756,1
67.16812138279681,50.29788841371689,0.6313854727184989,1
66.70729571332359,43.263566745217474,0.722686537896935,1
75.54705056635021,49.08059301054065,0.7613662895881648,1
40.69914068298374,34.16534072716217,0.5101078726746107,0
71.42430902970715,46.62681452822739,0.7369187464022153,1
67.16925166759177,44.72562252945529,0.6490738274366613,1
69.09679435817529,46.19854303784178,0.6789109074929051,1
74.09565795347935,41.59356880957576,0.6469555216400177,1
45.392371730114924,26.16859956945765,0.5446737914866742,0
49.40605802718133,34.53835294398659,0.501034808911473,0
68.12381041836368,42.745881049888375,0.6237262031974848,1
56.374101377811805,32.80239541128613,0.515117919815608,0
46.837188054245246,34.77833106502224,0.49342467387556166,0
49.819295455745404,28.654562280008722,0.453636764766792,0
71.1456409325688,42.68811536339528,0.6132696373464458,1
50.678213469380324,29.89070652540674,0.5042796314275391,0
50.28128893651603,29.446078296555324,0.5186554358306782,0
75.72621449627331,39.895368890128125,0.6653152257725876,1
70.06896097698224,42.41034549477054,0.7233349195693071,1
68.92777329148831,49.61959908365357,0.7088546101606186,1
70.22224330850139,45.27614111352985,0.7326922080177583,1
69.99722285480823,45.96974693424196,0.7184252955512707,1
70.24407576534365,45.48026286968847,0.7649145846904438,1
50.082643416055355,21.937762270698922,0.5395518288765236,0
53.3507284294882,35.98466982753655,0.45591135911416103,0
71.00536283015778,40.246810061591404,0.6003974298704409,1
55.147430688092086,43.01732412870848,0.5412683902449554,0
74.58230494180113,43.12351967531367,0.7440638855066725,1
49.3503122056437,28.534463710701967,0.467460648685668,0
67.21530899987586,40.2631522641662,0.6747355113784188,1
42.69404566461192,26.39816289113797,0.5086647889287826,0
58.76797139316192,28.615939249556636,0.4664889282028433,0
46.22588023109743,28.506837309651594,0.5123893343544987,0
50.079998266220045,33.71600543361431,0.5289784659358948,0
49.79546308464611,18.63774625485943,0.5387652745184709,0
74.05746611547094,41.82438317186922,0.6666365281396662,1
51.64120606202548,28.603269337728637,0.4749071044330522,0
66.98184706155047,41.27896204014489,0.6720209024676844,1
47.50428902338289,27.174912216059994,0.5486853292267658,0
71.15822060492842,48.418956562775115,0.6510386077968113,1
56.77188259010732,19.503162132053557,0.5484186566031154,0
65.19839576346938,42.027749128283936,0.7101661513065943,1
51.102804241892876,34.04027336880665,0.5265937705786874,0
71.3702152374905,45.745041299737004,0.605668801189476,1
68.22413532857807,44.38763289979946,0.6697885942144914,1
67.67950756147434,43.37170887851299,0.6701722721208715,1
47.139679259691036,34.83701167406918,0.5247191743053374,0
66.70773249072707,47.67843925295902,0.7029887372017415,1
57.83242061636799,36.91652920844898,0.49575134156586825,0
67.61886717592043,46.76118973626985,0.6819041918896301,1
59.86661213297732,33.84434481445422,0.4144973001860598,0
44.761558084085166,28.152046180094374,0.47910598114559244,0
52.55431908593045,22.383520009203096,0.5092184387034527,0
49.73531298972738,32.58147194002648,0.5062066953311257,0
51.26741205904279,33.01418404877992,0.4482077041590673,0
49.649754531942385,38.215578989723426,0.49846604114535675,0
51.80529252272115,35.78755135050091,0.4348243011388645,0
55.03193523662994,29.670255487919572,0.5414670304503306,0
47.445511231272015,26.79645434265632,0.4738190320617761,0
70.65468731778338,44.558474749574,0.7436776788685681,1
50.248043813374565,27.001406313870753,0.49027888526385344,0
52.915886528473415,18.749744339985845,0.48236098116653847,0
44.541554866664924,30.42969010021621,0.4582018591278775,0
38.485906314256994,30.274709046976476,0.4696843598125852,0
69.18146301345567,43.50992088372425,0.7885103035805416,1
76.17932913256148,47.884119539098954,0.6833000529568112,1
65.59490283357991,45.12935648211751,0.6916380262991093,1
44.79578419173839,26.25812531335893,0.414987951301181,0
73.46524601784478,44.10338099157625,0.7566534088841959,1
70.15817640690372,44.82721797509318,0.7971032824153869,1
67.51189152156371,40.29419206642307,0.7240759008533978,1
46.73773686622238,31.906676380133945,0.5344351696604692,0
72.70232869830576,44.860906555984755,0.7049810136044764,1
72.80366967449098,47.195422426862535,0.7692351521993537,1
48.390225913772824,29.659107529977497,0.5086174314084309,0
49.92917458062003,23.63393553654345,0.48792344739862603,0
44.47403379392376,25.027410065743354,0.5208650500492051,0
69.98965157976565,45.82941707821835,0.7437525830771313,1
58.08979904226519,21.332136601665617,0.48508118466403455,0
64.1269513012795,45.84480846157869,0.7931381799334881,1
45.052245813698136,30.63376336414787,0.49003712925069076,0
67.79454954079908,43.604690943721714,0.6704995104602538,1
71.20306254061587,45.77429533171426,0.5888697279306756,1
46.993477742676205,22.1993077575376,0.5604694225378295,0
65.14786932247344,44.86034204938069,0.7839372962387848,1
69.07824393811987,39.19923892532147,0.6698921788528829,1
72.78045656986365,46.81365287485879,0.7643698811761143,1
40.39628379362078,27.61867067870705,0.5044906050861485,0
74.35566966813685,37.92285856294628,0.7560161573980341,1
48.76926138093425,28.41439434271787,0.4853013779989404,0
69.13721509709224,46.3962869304395,0.7063020122956014,1
66.62690276519119,40.015038509708944,0.7257253196294546,1
53.95838280140067,32.40911886177876,0.44292341776012684,0
71.22880222763527,45.15096617812337,0.6846612883069443,1
49.97105048807037,24.224777075228676,0.5431453401224753,0
48.655932238401405,35.25622403158056,0.5322179887068342,0
69.83844094894494,45.490643710578425,0.6932197963696636,1
54.58989860861753,30.783507774061178,0.39399547793473244,0
49.41494062795857,14.071032057413532,0.5414907202891225,0
70.38105581038756,42.06215917031297,0.7189649700080187,1
54.78081520363523,25.914644904994365,0.44885730166009463,0
57.656976820122985,28.45032871325933,0.4724607312849001,0
64.44216003063201,50.15078664882122,0.8028095522401641,1
59.18043383084834,32.19869764734359,0.43817301506724277,0
69.33944607598585,43.79075666241336,0.7340234636355889,1
50.87990817524193,20.727510708184788,0.5344528010633502,0
54.040713490888656,27.4687786319374,0.5909225247050646,0
48.729976172007255,24.21980219664352,0.5145384345517022,0
45.507155152302644,26.630112387546948,0.51891662526144,0
68.92667079449569,47.32761144535249,0.7524347982984543,1
70.44708547075793,39.47369718127028,0.7382586967812409,1
46.461515133605346,24.64901839339724,0.4507078788799978,0
48.14268682240617,31.789836843978833,0.48594829501852776,0
70.47472440966749,41.68070252259993,0.6680835754056038,1
57.19835362502123,18.931666898302403,0.49566656075907384,0
50.29939689953926,34.610923004408974,0.46578034245116484,0
74.70555124441887,40.407491962372745,0.7728912570183242,1
42.383590501138784,27.02062822627993,0.5159832568509274,0
68.46058413637614,46.95348568222846,0.7159664857520415,1
52.08125376812806,30.691911070221593,0.47524749155661755,0
54.90714179716322,22.198703056082685,0.4865405438320505,0
50.51892252767816,26.024253790416438,0.42741815011474404,0
55.6585417588543,18.593674672312588,0.4805452275358991,0
70.15427602061717,41.98983352398217,0.7161285208530268,1
68.64964754694259,41.01795425983624,0.7167946796730332,1
49.557644795472626,31.370536019161534,0.5346022602539195,0
49.828759618763875,31.770105401094337,0.5365196398948939,0
70.50500061129507,48.78430928386179,0.6611045273806715,1
72.5510277076198,43.67175830552532,0.7597791793546165,1
74.54150524702423,43.334975469399005,0.6461192999666415,1
38.63495768587586,35.819069776245186,0.5163766312613254,0
51.64986347870925,29.42095613849536,0.4799501956264666,0
45.81563375315956,29.77191046294829,0.46838187193573194,0
61.04017086957331,19.993430149879654,0.3932302683476609,0
55.530346138595135,24.382980930992428,0.5050164495334812,0
57.454500628698376,23.669856208501532,0.40962394849038836,0
55.36999416720529,25.66093862898882,0.4614894640508385,0
48.60997895259952,31.261086144359133,0.5208446987258876,0
40.272806038495915,36.15250702259989,0.591167810293219,0
74.36988451467933,46.23776086040104,0.7014402984314699,1
49.563962446766375,27.466046794858634,0.4964348623651039,0
49.54639038806972,28.673419971020767,0.4683326455813289,0
68.21633149943584,45.67671010568131,0.7633858991345464,1
62.89923510529881,45.79886736824445,0.7018239754145005,1
66.28956455765949,40.99076558245454,0.7732305555435841,1
71.2236980497404,43.19105855550329,0.7151475475465189,1
66.47161195136444,51.88409189921545,0.6809024901628579,1
65.52788124244393,41.632663758685624,0.7498241436796872,1
73.24491676617343,40.341583204427835,0.7509031900526035,1
65.45020388887284,42.92466749687107,0.5867140915546871,1
45.29050528054784,30.930353300301913,0.46811161989189726,0
71.39737017249499,46.030491862571935,0.7033001987318236,1
72.14812138085361,44.15332881781818,0.73621934833242,1
55.38783930110406,28.84794833875066,0.45903816209336795,0
67.63782975831995,48.35093161955201,0.7083866320396159,1
66.67516162443597,40.967635603999945,0.7154177370220015,1
52.86226838979797,28.767927848539262,0.5832947799800065,0
50.45037542775732,32.45103912655716,0.4415469920836555,0
66.85588179610913,49.725445286164934,0.5923571345800718,1
73.94378727230092,47.91545833817528,0.6282926056884061,1
48.96238534654712,25.647938597160724,0.5131246775296702,0
52.14832772326421,26.190612644669514,0.4552264783906286,0
42.44969929872042,29.159958220594497,0.5598968357036622,0
47.17748367146817,25.85449261404958,0.44556956439893664,0
58.112499100594675,26.023458060756404,0.6359028286749944,0
66.87518013303396,46.279215465112074,0.7159599771882824,1
43.11105517025564,22.24078749848158,0.4676857844560939,0
67.83175097011696,43.034658455046475,0.6877663686745822,1
45.28142519391081,28.255728687595315,0.48768197816049985,0
67.97543290014194,41.96302903533861,0.7849108156186146,1
72.10438590067243,40.37306457185694,0.6944528339892044,1
72.27533609328367,43.80483999525658,0.7585283754713651,1
70.45222514169676,44.05164965547376,0.6528479182605779,1
69.5149212694014,44.33947207296981,0.7380362009249616,1
42.083042709166534,30.595615704012666,0.4630724027233076,0
72.23047783598707,46.398061864325534,0.712692088520429,1
39.41353333344567,37.40122402223861,0.5651552167711752,0
52.66584239274422,29.218602582001445,0.495933295677252,0
41.94035038117011,28.830484589401756,0.48465806269289363,0
46.880409607852386,26.818169477933303,0.5441348635700163,0
52.1450154030023,22.88353182212734,0.4887404701661303,0
69.89892802988574,47.84563873903511,0.733589225339616,1
54.32635467054962,18.32540602351112,0.5262561078993604,0
49.85967990141368,32.70263214296067,0.6508445892358317,0
56.14372270744548,33.892094094061136,0.5088969023856622,0
56.985812994114845,29.791776235754995,0.5000719081014268,0
48.86454530081991,40.922783436010796,0.5638686562280549,0
57.20951806946309,44.80060510407725,0.47433166022232176,0
68.44878429729134,41.524414241002006,0.7617642286189412,1
46.14617329162875,27.362955629462952,0.4841606197174537,0
58.843257261073276,26.615051757962746,0.4502471174761225,0
68.73591300957281,40.33714644941024,0.6636978562306131,1
45.10281861335736,29.66536868348077,0.5330396785184106,0
52.14567009975383,18.636219464552497,0.5425502885562048,0
54.94452151001363,44.32599982876616,0.49791885092300686,0
51.212617975317414,28.820185706220297,0.5870262917465359,0
44.27913870410475,27.261849829818082,0.5871038464651891,0
73.87790710746945,41.504473061902424,0.6283944564524864,1
71.70548676915753,40.27082910245538,0.7749784488326487,1
73.66504917451444,46.90860495510729,0.6571913551453608,1
67.86851976554257,41.67818418342694,0.7773129423076764,1
70.77594781835118,44.393550796990866,0.60992157422965,1
51.114304942669605,29.659083466541226,0.4782605821445108,0
49.869635854182995,30.288551422846776,0.47110295913574673,0
71.63124146035105,42.01909126784015,0.6905178602604944,1
76.56299873302652,48.038241985672386,0.6448934227127433,1
56.36893861954514,22.999125939554474,0.431948019464878,0
61.29743470170978,28.267683826742253,0.45979161088942205,0
55.97590540323125,30.172005365342677,0.5034167681211099,0
51.99585349026655,28.406592782176322,0.3691382981718093,0
51.26710121397183,42.85533191289409,0.525734073783838,0
46.59530494141807,29.891262476713663,0.4768010122479359,0
64.5355959620623,44.4250738635682,0.81490583839601,1
44.07400191885347,23.02179849145029,0.49587272655006787,0
72.57004063925342,45.35086169384161,0.743287232550821,1
63.95991089248301,45.71697464804514,0.633515481832127,1
68.39627911894968,47.662979152376124,0.7075350570923045,1
49.76058395362785,34.634421883119515,0.5192615589815522,0
43.21366395899054,30.666846605961936,0.5465347816452427,0
68.6031142152051,45.76637447610174,0.6576463961184897,1
45.266975565368746,37.59690176885175,0.4588180425903998,0
45.28534696965184,18.527383168729653,0.5825219682175403,0
65.77441993385442,49.2364828005531,0.7372755555064315,1
45.728396375000735,23.28353488120948,0.5108295782208443,0
47.100269365914,32.00976659516472,0.46848679682903643,0
56.91430819505309,23.82265253055718,0.4459431626428611,0
72.6469237424252,37.75206276209399,0.7943939723000458,1
51.08207544204842,32.53819625652186,0.5240633590824813,0
43.458812292198914,29.982240806098915,0.4663488226246794,0
69.64982836548748,42.85253843172544,0.6345992214811672,1
52.836261136786646,20.37862491596452,0.452058358744225,0
67.23016648559076,40.21930449653946,0.7643560495163152,1
51.50566920331237,28.294812761883055,0.4467287620016162,0
46.952155594362665,31.31730039262764,0.5381062623457222,0
72.6205758093145,42.35976742703139,0.7006901925414647,1
52.70247518340792,30.298458894233995,0.423213193301486,0
64.70628968406778,43.388565910924996,0.6729640299583809,1
48.218189801275294,26.61964037162997,0.4703900238319927,0
69.45639129447687,42.27848813993473,0.7392477289267443,1
49.65714461497565,28.73097430315288,0.5147441668443598,0
50.91107340045286,27.457695287319254,0.5102989542757901,0
67.1325861499097,49.86859174698476,0.7018366898998323,1
46.42716195750181,32.39283874167502,0.5181594055666243,0
45.37195054555452,25.087751970218235,0.48001287540192644,0
75.95614831973009,48.977914095795505,0.6877135299470246,1
70.0154238641032,45.08121927431654,0.7459173260054317,1
45.73576653658978,31.294937624000404,0.4972792556832866,0
68.07421873175446,48.60617649482369,0.659058987727651,1
40.961246596804784,24.03565567875445,0.42494877696345734,0
47.62171023256819,24.891695992595135,0.4345409756483595,0
65.7900490729313,43.8940316756439,0.6286765732001592,1
58.50950173317148,32.27318402622463,0.5585930471240445,0
46.9632203897089,33.163209949643246,0.5488913793476987,0
66.99526575621142,43.63970317015077,0.6485778347564345,1
68.1036758095908,47.67600854710146,0.7080991579586347,1
49.02261683077761,26.367418898295824,0.574985200240111,0
65.76941087318329,40.80113434500965,0.7841179419246379,1
63.58229317221177,49.212359659431755,0.7672104966044226,1
70.2937461927588,45.5355371093056,0.7900060753325271,1
64.78543695908641,49.91868574680255,0.7610390165911899,1
51.02328436803365,24.75343187488143,0.5197718792750761,0
70.4327253711177,47.33222356959422,0.7669419456369592,1
73.68547611091189,44.42959809681253,0.6811445042304125,1
70.76000443907482,42.3086574940818,0.7327805733736742,1
67.5842052892873,43.60898698268615,0.6884814061618598,1
54.65238880467812,31.062360790089283,0.46414861229598037,0
46.665518936980256,27.760179137738213,0.5112051356511894,0
74.41203197060439,48.85564479269896,0.7307561687955673,1
54.525588376512694,31.523961486646378,0.45787555048535167,0
73.72670252782392,46.96540989143903,0.7301076051578246,1
48.49464062142311,30.529201689355347,0.38734124183516305,0
51.476275871041075,18.941768861362938,0.45815709670137195,0
51.87781108111667,35.18306336333343,0.5165819415000401,0
46.21204315488512,33.600133150351105,0.4495842210327782,0
67.24571515438151,49.55709228679918,0.7143838911496271,1
41.108212218654984,23.752439132698527,0.5624052561042616,0
51.50948379379884,19.686107230265712,0.3874163745028113,0
65.9973408561821,44.53447747646721,0.7018548708655036,1
48.66415203761542,29.88480612413023,0.46745917452114893,0
68.595572591325,42.363413655296185,0.6638990517756715,1
47.33656103473021,38.76104269804108,0.5241148449902109,0
70.99169641332311,46.101522423049595,0.7125610586043638,1
48.215224328287825,33.309324927161974,0.4879547691561416,0
71.86924662598777,43.100880491278204,0.8110857585375228,1
44.93072185209379,43.97653324561975,0.5088215788851331,0
41.96340431087213,30.943741666251356,0.522195796816426,0
49.84763397445289,22.371056458349585,0.44922809098105276,0
54.403630409162275,21.264315051088175,0.5449468747558334,0
77.69441431200914,50.631268473416235,0.726345819848155,1
37.67547549261283,17.767966380557652,0.4714002917364802,0
70.06251934115416,43.07739681179524,0.707618720442051,1
70.24742250069485,50.398922678117195,0.7750533767665085,1
45.372469652800795,29.771925620008815,0.5099258864955659,0
48.115090215182626,30.68251003825462,0.49563170594318673,0
40.822334541769315,30.927849429643068,0.5472509082169851,0
69.86784483337186,47.78081902785916,0.664351758983254,1
48.066181913290094,27.883585282232154,0.5286179973728966,0
56.59595513431876,14.919775200129209,0.46309312877193026,0
68.63985783391956,43.93079947137319,0.6618092495518483,1
53.374679606337345,25.49169814903414,0.5227524502195979,0
70.69770935978681,51.08906924872757,0.67323294809007,1
73.36633542190606,43.45587524071539,0.6883596041147132,1
54.73005909472192,22.64711426134149,0.42473522231403316,0
47.66926224355179,24.420187957557737,0.490568164794124,0
49.09638738344437,30.02999894597761,0.4808423990018888,0
51.720306108056135,27.30554987722748,0.511602450047001,0
70.30549436804176,47.151249987181586,0.684672029183642,1
52.59451783961552,30.69659709489504,0.52862111544613,0
68.29943843319745,49.0439681284538,0.724371235309625,1
48.989293777669424,29.781286783306314,0.4355550155059713,0
71.89795086103341,52.67727996463128,0.7361870149403679,1
68.73652190021434,43.95841497810656,0.6864080037183818,1
53.46236472206663,25.378639492700426,0.457052488979324,0
57.988955737096255,26.97442047015933,0.5379016202076704,0
73.03670425391331,39.662517377621946,0.6468303720734887,1
46.88440632346303,31.355693634824316,0.43257974809287836,0
46.53412321219439,31.39433816180339,0.5190852553622526,0
46.82340957032376,28.026470184821402,0.43166680751091985,0
51.94542969568125,46.36402119078043,0.4828852359595561,0
76.11343586316804,42.25341567715952,0.7781339152317069,1
48.99393462654306,30.855470306242655,0.4415493832683863,0
71.4627427353029,45.06800519650872,0.6459817565159207,1
45.23904809590343,30.308987482233913,0.47792350703538244,0
44.237996636913536,31.472296289044944,0.5150925348346567,0
68.56920619648989,44.535149258496176,0.7669554225662347,1
70.32757838017315,43.848226098015765,0.6453965933793198,1
45.95996638005773,28.919510244834495,0.4303654381295207,0
55.9309756532766,20.44326803085226,0.5610924283003593,0
74.00372751119373,45.98927826211035,0.7563096222761938,1
53.799571409503365,28.853440824779504,0.4252168437372504,0
40.60718251798469,22.118612092187885,0.5629039768984414,0
55.41416019454395,26.779906964193742,0.46800803831295446,0
67.6265608731914,47.51220847262934,0.6196465568389227,1
48.83118491892949,26.94967077318502,0.6149361937187441,0
72.55879319135174,47.54520050631038,0.8132667966311736,1
71.63764569068275,41.80529851923144,0.6899299701597711,1
65.82547467974479,39.50119669682416,0.6808814319333788,1
61.27572651703224,26.19387771770493,0.4706635626320808,0
51.86860584131425,26.263651403213757,0.47389416450961724,0
58.55723671386951,33.65185056010271,0.5826068575112542,0
71.77009981975914,44.5055664559211,0.6620518690914672,1
44.1856259845137,35.45503397679888,0.5223734741659445,0
65.77206839357878,43.31021893204792,0.6906795768058571,1
69.42508138996297,45.53450272428089,0.7720837602110722,1
69.07240424734178,45.454864484823716,0.7036125586315363,1
50.979194673333666,28.241348453393922,0.5504181296400865,0
56.035859474822246,35.04618898813133,0.5412644866483998,0
52.23314052629196,34.1809654086069,0.5442251332209953,0
71.52427495411762,43.51306741691911,0.628454257504131,1
65.52945676057976,44.02313567278286,0.7101040498686851,1
69.62113774322802,49.752539832263935,0.6890765996517404,1
75.46770690402779,49.02370910826561,0.6585628030723977,1
50.988046725661576,32.454278307312194,0.5107451912356008,0
67.41640549425775,46.61552593859683,0.7132180149249937,1
70.57412179827908,42.671703387231105,0.7006890765306547,1
45.83182519150978,19.044105966575323,0.3952740754138774,0
59.73293421390376,29.5599070284017,0.5001993809852667,0
43.44072422486535,28.841279877448507,0.5362187026165093,0
66.8582614359456,47.955602537334215,0.7090296095357504,1
68.57818657790044,49.92869688704064,0.7714791080906127,1
46.74755687708785,27.2916810950322,0.4443616112890421,0
47.38486539426668,20.913091285845265,0.5132080011124683,0
67.54279874046813,46.3447928552189,0.7101486501120294,1
59.70194909422146,34.13984283610746,0.5329146208536857,0
57.042086214558445,25.218311900713534,0.505432683995962,0
69.89233116107071,48.531321144553914,0.6995228498217043,1
67.9510084069457,51.00101891673583,0.7033382108311803,1
49.940139749937174,31.275406581617396,0.4584643686820514,0
53.49286565802379,29.492409036816284,0.524058084065216,0
44.53703115678693,39.67422212269677,0.4093966200276877,0
69.90653053304746,48.48164963550243,0.6881526264371769,1
41.93697815397182,33.59230806776226,0.47534028393230304,0
69.420519013663,44.01001800321511,0.7767935439555862,1
46.93745939899358,27.028963584948407,0.4758331209661283,0
72.0871283199448,44.549828394032815,0.7132798245805628,1
69.5925581349338,45.85141468655621,0.647564527721611,1
67.70432178657781,41.83897276400147,0.5905159572769226,1
75.41606435872741,45.33286838251843,0.6990552986556532,1
69.11616062225082,38.69805748868687,0.7845944256564065,1
55.166325062146,27.47874980400918,0.553112820347207,0
72.21600991864544,46.49845875695977,0.6820989231204305,1
69.37517014269672,40.90492281125517,0.7140078284331216,1
50.58989095766617,31.303147126016658,0.529781821821654,0
51.341220038282245,29.519259500293355,0.36225898924479966,0
70.50571596393208,43.97463830150674,0.7551932909950225,1
65.29375653537153,50.772873109637864,0.6338194190854631,1
77.00056617378108,46.394266249605,0.7832229666911348,1
48.04526759867543,34.214438091981314,0.4884304254482679,0
45.74476150846153,27.890359189919216,0.5447728758243661,0
45.69052173120029,32.89532865771242,0.5456773503064337,0
74.2990937902453,44.60336639837175,0.6882515155818161,1
68.23076450045178,47.603106989205045,0.7188239886954201,1
40.67519207848256,33.72020170677687,0.47562551333331893,0
70.40045317630837,44.84431399904226,0.6626583713497332,1
64.70487060080147,43.81452024771862,0.6902873024400544,1
57.565419184175724,25.857183262099433,0.5508105790825657,0
52.309665050361055,25.58279100072176,0.515215219980123,0
65.80512396333201,45.921984618261256,0.6428227201093253,1
73.26750856895852,47.16238502630111,0.7045337023767699,1
42.14203949261683,25.530891795619315,0.5502613000828104,0
67.43440153594878,41.12810687159482,0.6591646278903213,1
51.51904825420732,24.60618340504961,0.5657588465564024,0
63.424619441593464,42.99768210383439,0.6973446192630549,1
66.0818300490884,41.97788166449282,0.7578913628873064,1
69.3550506529129,48.70001036338529,0.722199286523225,1
60.117357063886196,23.135100615650558,0.5484113163676606,0
49.086055774356275,22.744578751983795,0.5167885973788091,0
64.07617564786565,43.79697282414659,0.7036921061025159,1
47.8813632066194,30.706198951714295,0.45231851739664597,0
48.865027549685976,30.62156462562696,0.4614637857322263,0
49.16067852930487,31.91283267803343,0.49698088351495784,0
33.150796873393205,28.265637447501614,0.45652719870033504,0
54.95454918673016,28.08548508289955,0.5287097059338477,0
52.151093848975755,38.544059430218994,0.5102074898275677,0
68.22069264161479,42.01855625359842,0.7723943092546978,1
55.86080363764159,24.917202719931254,0.5490518615065536,0
67.94847394319065,38.76392613772088,0.7713822766597817,1
44.757203683990355,29.722977982252687,0.5509278982692338,0
71.48509793452799,47.931297400072005,0.6494732577620309,1
75.62021751472898,45.9135842882469,0.7546105608202065,1
73.40576684385388,43.34824854683395,0.7544542814132025,1
66.0026136910167,45.69542516457151,0.6510018955751773,1
65.17045525435722,46.09724057368251,0.7173330178234506,1
67.90908192533534,42.56968810473365,0.6487722794006866,1
69.2444254835245,44.11279405329027,0.7660450856203325,1
48.320917560251964,26.10788353774103,0.4818377184784381,0
53.6571793570535,36.0810079873192,0.5224277866528797,0
44.529797430981226,28.78844198990105,0.52665531628449,0
72.87249183600468,40.78740222271791,0.6830221099837495,1
48.05914119523713,25.81480412488314,0.47650503060403304,0
68.57515958170632,45.310434442768056,0.8138050971028268,1
69.81391851318158,45.68749961706716,0.7332908864516293,1
66.79886206589048,44.0755839743316,0.662958302922644,1
55.17124130606857,34.118375350556626,0.47284266462692504,0
53.11236699684135,31.04435734481495,0.4699374208213563,0
47.810518489877886,23.255989244640844,0.5332658812514289,0
62.855725482899565,28.53800773597808,0.41254155676425047,0
49.73836121929168,35.06970833356673,0.5049288630048875,0
46.099237587648034,37.76740193350706,0.44055055704565127,0
72.51736714984806,45.6118307582499,0.7099145794966015,1
68.50752353232768,40.14137457604089,0.6916096822274149,1
70.90977774518088,42.38235700390964,0.7078395073427423,1
67.62034001845288,41.38470956852142,0.7376708991767215,1
68.97823588928891,45.079880563499565,0.7745703456676296,1
55.5234079518661,33.397672086873705,0.5387926239260026,0
51.65670607211508,22.940960040636654,0.4938710278592778,0
69.45251376446926,44.68280446275002,0.7664816174955166,1
49.09101753707276,30.11248601173842,0.44575518845022166,0
52.769716012157005,22.067846255522433,0.5611544054629003,0
70.13302781366666,46.28216993178204,0.6502495566298434,1
65.31514794594406,48.601697454413724,0.688957647166382,1
44.04822012895414,22.668359034063048,0.5129903532084636,0
71.58262059831654,50.03317124988687,0.6497520248207665,1
50.11462372283165,31.550751714324246,0.511631792732497,0
69.64599979480505,42.972053598870325,0.7041038725499157,1
45.57097602392593,25.270377380018616,0.5105425823258802,0
69.56901494081357,45.92860011530283,0.6174724209832813,1
47.20736561567088,28.559640211660483,0.5029756555580406,0
52.93406921371138,28.20649371702446,0.44521114851589316,0
67.708795168403,43.96684350860142,0.8272201822214527,1
49.55055338003261,29.762574187724464,0.5964915131428923,0
45.80696393809078,28.628261274491237,0.4942197059832521,0
76.72064684837484,44.22251270616583,0.6036193783914376,1
57.50094312222748,23.957448709025194,0.5175823253712474,0
48.296760614670504,36.71063595794995,0.5323170176845242,0
65.66949440507383,48.14494415859207,0.6411461521469175,1
48.9763227368862,19.417700624975605,0.38805855126108496,0
47.53858439610735,27.098699061326265,0.5336140406447671,0
44.4795646612162,28.862124010401747,0.5523002401300764,0
43.55461099874797,27.567888478826646,0.5336709431497051,0
69.40172717467769,43.22707432472967,0.7106070508765794,1
39.04275713753946,27.080316915248886,0.5344449598727381,0
52.28389372871035,48.61509680516966,0.46058294216500684,0
66.9992943002917,47.24300048466931,0.7219436974768222,1
72.01857406705827,45.058964200474286,0.659807860536916,1
69.70598065656175,47.643593864218225,0.7069050528723179,1
58.21907142744408,19.873288923079397,0.44470261887971385,0
67.93534406097542,45.85512903479664,0.7153879751296138,1
68.84115291211428,45.62348026432457,0.6179603446699896,1
69.59992820667586,45.38877001750504,0.6903534666438329,1
70.5100433122479,45.73939823478846,0.7173197251304219,1
55.7254799152014,22.517338406346198,0.5656026945473408,0
52.71414665286784,36.65474647602442,0.5359458984187122,0
52.232342885091256,27.071800120009975,0.4972485672636546,0
71.35974351966479,44.31987459767392,0.7102321316147162,1
71.05067303660105,38.149044161236375,0.6904548530307173,1
60.78630056850067,33.49816995125834,0.4999974533564402,0
71.04752800462914,45.14627268184531,0.7231189558546417,1
75.95890411673888,47.74335695783339,0.7216198094259709,1
65.13270227984586,43.2201845141983,0.6580435884597294,1
73.6696175447722,46.6944809560407,0.6543549238665971,1
67.52811428952673,47.473067154933744,0.6030553319355629,1
67.01189775340417,42.08209955609425,0.788277482014436,1
47.862464905803705,27.636209828910314,0.6411989290793566,0
70.47389058510566,42.32513678346689,0.7398005695624476,1
46.146013377667984,30.58660103220688,0.4719400620734676,0
64.82292567592594,28.534021307884068,0.46373673035275004,0
70.20490230290129,47.212649256682006,0.7520117988429078,1
47.72779261019161,33.497776176494206,0.45519709744433756,0
54.19647728912577,19.06258764502238,0.4357296039875793,0
68.22269586126214,45.620138432104525,0.6704495042894281,1
47.79794508611904,29.446211842020674,0.45091910812761027,0
52.425532282513565,36.03235468301316,0.4719520169843677,0
42.748259697018504,19.69428211035624,0.40851921371054856,0
71.10671056878262,48.169708884633124,0.7382091126556913,1
72.83250254679348,45.0749654602186,0.6493661737486436,1
55.98588987863338,20.978764923459433,0.5064040438475385,0
49.35228188414811,17.74161738763321,0.572646865793304,0
71.41736384230762,44.228073294638016,0.7842893787838963,1
49.285895409680194,18.156028375547486,0.48806436015583177,0
70.59900470820747,45.68816150989245,0.7175356621475871,1
68.22943096594105,42.395230994187294,0.7085228892836704,1
69.65513074242871,49.57388769591131,0.7419443597732346,1
68.98043427963209,48.66732598094965,0.7458717016305121,1
47.488001806597524,21.299223898042822,0.5466460023780425,0
61.72540051238476,29.391447051725404,0.49512055130255994,0
71.54921171103963,43.88542859126692,0.6113162129658231,1
49.2874599963752,31.573694218102162,0.4689968997080558,0
49.42507245487353,32.8424235975848,0.4783946164775589,0
52.54176749985173,26.5701171822673,0.5620239327945425,0
71.72850707096931,42.703017235720644,0.7221914018616991,1
49.85612066240916,32.10965414234102,0.5545641626954563,0
72.7210271176609,42.35966832339913,0.8116153339163241,1
68.96841186376889,42.90433967215222,0.7162900750262521,1
43.70342539753999,18.36551617403096,0.3862634595507592,0
74.8173019896392,43.482982669156605,0.6920353005334814,1
69.81889600934032,45.594704823179214,0.8092669076272567,1
52.02084410935977,27.16883575456687,0.44535776942319166,0
70.09360164918691,41.30874497876896,0.7063846671981712,1
59.72424591487979,26.198606926342983,0.5061192524774017,0
46.47131863906906,33.89164384360774,0.4496963248633523,0
71.92686838613157,47.77413926923904,0.6793760425895222,1
54.82395363637984,28.354643189473997,0.49695621417716296,0
67.79296511190569,42.66883099066661,0.7088818242067119,1
71.58685364692268,37.808147378588004,0.7023041100644583,1
56.15251495645876,30.66101982474029,0.5406185840109251,0
47.2339685070807,28.13068379880664,0.4884821297520546,0
66.39568959104011,44.865580846742986,0.6829537283291268,1
48.960534704160544,24.495733902262185,0.45925945289009107,0
68.30984254843843,44.06148440222864,0.574207704590756,1
50.65550300700379,38.96552391992465,0.5003583877704938,0
73.2808090878645,41.88886680500133,0.6818844086996707,1
75.23101696402902,48.71736340046585,0.6633893349353311,1
48.78554142255554,29.47235616694183,0.5705211831360328,0
69.14393651034896,45.937044244662346,0.7099038788744563,1
58.62076414327665,30.192280282582256,0.4683497776346915,0
75.26894082596705,45.754810599469906,0.7465014648555109,1
71.44842956514287,42.77669963978916,0.6182441923440876,1
72.39432182496088,43.69215641215649,0.645735510598017,1
51.6988563136191,23.090206189014786,0.5221221427257695,0
51.097640462933754,15.779960717181647,0.5341317494078365,0
46.37938741436697,23.735281240957278,0.4189461911272419,0
73.07307879712863,44.47023935838135,0.7277778472674924,1
70.87408514943907,46.66343162462708,0.7134240083599966,1
66.3604160044274,45.78800724172421,0.7622201867157614,1
72.76602121844991,46.120178631741844,0.6465505445237192,1
67.95376931242646,43.797941805627715,0.6748667590914142,1
55.7032977577773,34.22891740957671,0.5469359239059021,0
56.50141532360315,29.1062482453431,0.49951220844620364,0
67.57392715601668,48.54566501365645,0.603570667165627,1
72.36110068044316,43.48769431484261,0.6233402770823457,1
64.83783467895876,46.63040693796118,0.6333043887556298,1
45.04043565911542,28.792503962261122,0.5618567333432951,0
65.43973470493265,43.565248449700235,0.6392815457169672,1
68.10178131149102,44.55321039004063,0.6544475866802446,1
67.79463385347282,44.150354738288875,0.817893552000806,1
68.37402615645648,44.387252140367806,0.7154675366706956,1
50.18683399205171,31.048815458052722,0.5349312149658602,0
66.51418548066803,37.48059749601245,0.7322802604296713,1
66.58399176036883,46.75928728240576,0.7251913401511606,1
74.01416187825254,42.265472921019644,0.7452138803597887,1
49.878652427738764,26.172222305055286,0.6109871883249436,0
49.73005380150384,28.209084711155416,0.4503603052761496,0
48.57555540702443,29.25970474340677,0.40670708625398705,0
50.65591019975749,38.24405534533242,0.48085242233845915,0
74.24555849343427,43.34911088637965,0.7173012559306652,1
70.9235332467075,48.84400128597019,0.7200647632276975,1
51.66781113552864,28.12799777734081,0.5332563949654394,0
48.266770556917045,30.047244128661383,0.5019026540561916,0
70.92131480382216,42.48067415195125,0.7307443633735823,1
69.08984701370309,40.07596800988944,0.739458565439901,1
71.83645865014319,52.202551691865224,0.7653586349720088,1
51.14405380839291,36.02157922368443,0.4101820410754812,0
49.67703472310184,25.14555601039502,0.4465572816479488,0
52.44819898779389,24.375244219947206,0.3514286898906258,0
45.38665220900791,29.505288963618916,0.5499456348889039,0
68.98985884473717,40.79102445771787,0.7572606578300672,1
65.57523144524971,46.541590840762005,0.6936457879377331,1
73.60535843171114,41.621389592456296,0.6733210003860195,1
64.68357704298027,45.66754405162914,0.6950718818135979,1
48.12516387742338,31.61186896454854,0.4002417470285362,0
53.3301095779887,28.922315009232918,0.5576819588369331,0
51.087503897299605,31.941050507995193,0.49317106901835583,0
51.97610970514183,34.063504305595515,0.49527889651271795,0
58.10857548331926,28.39927835969502,0.49824580904978116,0
65.12619521337142,49.49592044862456,0.6820641081645016,1
49.86454873067941,23.129321682732655,0.5301766968217757,0
46.3616734790886,24.913572701659007,0.54022744065656,0
54.189662047411964,32.33945959625145,0.3908388730865655,0
52.6223823592189,27.53848130462189,0.46230589608556694,0
50.74913344820819,36.66291057443661,0.4861568959975939,0
55.64225287358276,25.59218869348628,0.5169972216550965,0
40.96812742645902,32.93680359749524,0.6639218641752248,0
71.31147147135867,48.73579280732973,0.6657301964985308,1
75.71593422733459,45.50819872525076,0.6375166356528973,1
68.1996562183191,43.68510518638653,0.698508704974259,1
69.39534800738318,44.05360714042342,0.7368516844105958,1
44.0828214164127,26.196123615074267,0.4321057242605921,0
63.38632534048826,43.15155894365323,0.6364055016732353,1
56.848015869205206,35.67999147892494,0.46289818526324394,0
70.28755792272318,42.912060573949674,0.7416408054881488,1
73.09529331792663,46.4590404915684,0.6878179125135221,1
70.76205800288552,46.285527079033535,0.7919050785686219,1
43.76505095972209,22.781533483038178,0.4563963617788935,0
45.655189180105054,27.223882994550706,0.5570034847842206,0
51.24301904210194,27.332757961737116,0.42277073597179066,0
68.39032797377277,46.68025265265558,0.7652440957421339,1
47.19277724640597,26.836623284437987,0.5167331027147767,0
72.10981921342251,46.064847935377,0.724055130526877,1
42.51778249178054,27.90755600564459,0.5829739023878362,0
51.34940199617467,35.39606866074944,0.44537987190115524,0
51.32162200710948,33.654450973778026,0.4664215280337959,0
74.55172533566932,44.525529908895955,0.6440321822805113,1
71.06613296794359,45.31876931639294,0.6402963468504401,1
74.43974725169932,46.21471108946977,0.6179341282845484,1
47.84743309888797,31.25855351449195,0.5261332162995158,0
46.620211273477096,30.427561347479816,0.5470216183017066,0
70.44753284992301,44.22690280854831,0.7313969889988211,1
63.94491530760114,48.45105386391928,0.8397399785589253,1
66.67997453717501,44.128955900709705,0.7173927730594385,1
44.33635030353065,35.943296748113546,0.4838741915517575,0
72.46000703678361,45.307430954826465,0.6603063544299699,1
72.12493553600757,42.80384479575423,0.6268809071927464,1
40.35773397323228,25.658870027870933,0.5094923648534048,0
71.58037178763297,50.5167746039424,0.6984019109066927,1
69.464712338891,41.14078696556297,0.668330864267107,1
69.00710997061616,46.95518338010447,0.7175505797942524,1
51.9181817334444,32.32287113148336,0.5220407750325311,0
72.90034437416334,46.34559382585874,0.6830382880059078,1
69.9246825831541,43.00774494697301,0.6231242806347608,1
76.28910700672715,39.451827232178914,0.7252340276605277,1
65.58233751576581,43.147839500478064,0.6240764543289365,1
72.31583581250811,46.53019977449758,0.7238130473250705,1
47.044437117565266,29.748152074009596,0.5295296512528196,0
42.512148065451896,32.27642110588794,0.40546207160219755,0
69.2630598631864,46.11652816077824,0.7576086715383427,1
72.32437611330506,44.284029068153146,0.7099555133046843,1
46.35790619700951,30.357249484759485,0.4816878668955034,0
70.54053252222027,46.013351983240895,0.6373858073262353,1
70.98245769344169,46.330504921673075,0.7422550681659673,1
69.37406720446455,46.13152681720984,0.6942189861707357,1
68.4294884719487,42.18155333034468,0.7172099118067304,1
70.03148523938967,42.782243983964875,0.7812045439262368,1
66.41578871917599,43.07259918561146,0.6702139477411643,1
72.50426017165547,50.06423523505603,0.743060484077863,1
49.365438734372674,30.067976305912403,0.45313588445778535,0
67.79305364028389,50.13675153259776,0.7981479067829788,1
67.20320676955984,42.6885530183638,0.717661535786668,1
44.18739276317469,29.552770987840365,0.4386016455803016,0
45.96002594143851,24.020989846758138,0.5021545223254457,0
51.86727596212863,25.502022848413873,0.5267004777307567,0
72.25073562682984,51.38560696464843,0.731421937765715,1
69.2904553101354,45.62202374052555,0.7138330822368515,1
57.845554158685,26.205372046918637,0.4528466189805321,0
62.18429497796473,25.020431812228537,0.5095809999558244,0
49.40426763345872,35.67625865078651,0.40625976034865424,0
71.19126746390569,44.60549318614698,0.7436176970023218,1
53.17437208296839,31.121328299899155,0.5166821193389769,0
71.87414945712494,49.55678793292817,0.7471744831207142,1
66.39029925915375,46.23443916423326,0.7481273036614065,1
70.93575190696262,46.103654219457106,0.7069996375977554,1
40.52719908048081,31.085876296230822,0.4095703365445186,0
60.38221877415694,27.790716098075563,0.4993399831886238,0
51.282347104047524,21.634272996639364,0.5692226544775678,0
56.084744528727185,35.740307036799734,0.5552184978916258,0
73.50146403282878,46.07180872315929,0.7564369433027056,1
46.829668785501994,26.979350249336527,0.5273124620349203,0
69.59454730128394,42.05587543909519,0.6266557619782366,1
68.7667388856623,49.576823631452456,0.6646165920768539,1
69.55247743809274,46.64582500085507,0.6724547958461837,1
46.85842561951433,20.136549594629546,0.5069038214707221,0
42.38134853972802,24.360396296172837,0.5555335406083418,0
50.94060847254517,21.2701316770303,0.49909811048932173,0
51.862330674776125,28.84012239773097,0.4534292116864639,0
50.61253763006492,25.193577021767034,0.4146600916907486,0
68.58154310852622,45.986926054469365,0.6883234356988275,1
49.12290661511728,29.257955060425402,0.5032370644236639,0
49.408823138197235,33.154011610519795,0.479100264104916,0
68.23368932113054,43.79845489323577,0.7473590125072589,1
72.9141641385689,42.81906226381087,0.6940888389666631,1
73.98582974499688,41.423706423174444,0.6809070627296748,1
53.96375190682721,29.36371665352628,0.48344632812126453,0
75.985744419936,42.72565464074139,0.7396568470566848,1
70.14813300375238,45.51552812102282,0.7036509924250265,1
71.84143911807936,49.74213411059081,0.6609648010169643,1
67.52760191221655,48.03662748678609,0.7374332261894939,1
48.04606111148284,21.823668088411807,0.5592916006894052,0
66.62217338509839,44.72928637243108,0.706320685660638,1
56.04538757495332,36.28246165582986,0.4847653117470963,0
67.90483436643568,43.72693875637765,0.6751304245369655,1
55.54154975444902,28.843810344664153,0.5274079117704079,0
56.167978218559114,22.703771225437073,0.45488191977368353,0
69.9961603807964,42.49137811513733,0.6017006019347556,1
57.84980927038221,36.37123271032853,0.4827953690049527,0
70.40199870877385,48.20735606207068,0.7186476645326036,1
68.72068422770349,49.19141599410193,0.5987503176705076,1
73.41682608536759,51.32896369600977,0.6893432564701037,1
68.08906589277676,46.03772928709255,0.7163635488402033,1
68.65594410354706,43.98106867403133,0.690221012606711,1
67.05961116576745,45.02790389189172,0.7266165891660818,1
51.81614960406564,19.30177010087554,0.5066249078411825,0
74.05970645543428,43.931772866454615,0.7392314344114004,1
67.15213081686207,42.22569292484306,0.7234097426625097,1
70.11212735139746,42.81050046878768,0.6664306477089041,1
47.49257692581709,25.40744010962846,0.5829538875746649,0
68.21526593481683,46.56841825678152,0.736889156692552,1
71.29270969423426,51.18963057734244,0.6881793822724903,1
70.16649988719288,46.470748013158925,0.6957802175747765,1
48.397012541069685,29.32484289224855,0.48289135051007454,0
57.59201667325033,33.377191313217914,0.46451039760626434,0
64.36646255711105,46.11528734659889,0.6988557258647302,1
67.18841369302393,43.51657617919133,0.7197239688041587,1
51.415645818395085,33.81887329681783,0.5141787518896871,0
50.573500776199296,25.729455626017717,0.5422626241236965,0
70.1735059023516,45.05790395511168,0.676865568534851,1
67.09110683773521,46.3171464423884,0.7578349385692633,1
66.23321118849591,46.71302890944528,0.7282796720888225,1
70.06396020508099,40.95727014476092,0.7504368682726379,1
55.897214338768066,35.811389537265306,0.5759854450879667,0
54.61052714417737,37.612977199937745,0.4114117510043255,0
71.39635631934162,48.97676639544039,0.6904101229584676,1
51.29533899436009,28.025944081650806,0.5158158095849128,0
72.5579362077747,46.92061881518317,0.8315768801095208,1
69.61096101798762,45.98936198084269,0.6904604893564485,1
45.69201417525998,29.3083455689356,0.4864513506023539,0
74.90033574625947,45.749413507416875,0.7042556454985435,1
51.00869307914156,31.585230963480456,0.4230938072042716,0
51.087424010261955,42.57580675499171,0.43919883826406786,0
65.50274004522691,40.98362452847573,0.6970427961236197,1
43.96705498613908,28.94846525100169,0.5252579820474408,0
48.43874559286619,37.55516363618903,0.5078563317481823,0
50.805267948589275,26.546468126108792,0.506518412605199,0
75.63713291119981,39.1495721021898,0.7379160765459472,1
50.38606870931034,35.45368574469942,0.4697457132274361,0
70.19331676151232,43.04328805573313,0.6901642275518182,1
49.11228629827245,31.748082702836875,0.43331539231543625,0
69.1405076723164,48.263450737731986,0.7672528919140056,1
45.46811226129225,31.80817280458819,0.521204495148542,0
69.35084165685711,41.46393515559779,0.7067395813733879,1
44.34076216941148,23.262574304368766,0.4482392363834538,0
49.89775471938993,31.185584170848166,0.48984648774471173,0
71.5283977146809,45.75314997450945,0.7202912582629599,1
68.74856682487504,49.80917286485167,0.735946182506672,1
79.70450315170663,48.58173065448573,0.6452269017777184,1
49.17905721858309,21.4997433509924,0.5068275620431768,0
65.40965958468718,43.08708704939297,0.6362487135988893,1
69.42735130648157,45.15485544336139,0.7533888778120469,1
55.434655795584675,31.617463238235825,0.4773215372190508,0
72.66538186015333,40.613320999592034,0.7192087435397325,1
65.46713503218929,47.15167003817045,0.7342724077006901,1
74.49646233753046,40.99366845494968,0.7538113307504308,1
69.23596397787774,44.06175610565239,0.5866302587709233,1
66.50931402060154,41.162162713392114,0.796620832372508,1
68.11074889922709,41.902437001593896,0.7054830122992007,1
72.11474824653789,44.96405217488279,0.6588490441524477,1
70.08998181981931,44.93882570951783,0.7553427241797028,1
67.1719309498188,39.9469125039386,0.6360613581985554,1
77.70115336312458,44.938504002847964,0.747841649057793,1
47.136205680686075,30.321330572890666,0.4766669830142096,0
68.68386408126499,43.37204460435436,0.6991994903155109,1
51.86625845625122,31.05473970521625,0.5059179418777721,0
47.111302398447634,37.2179038349907,0.45309413153571876,0
69.06279448178286,44.558950666025915,0.6622165906108516,1
54.378617069077364,32.55413088897575,0.5533154814392459,0
66.08845113030678,41.14917690895271,0.7566095865550664,1
66.6519382115368,49.041184347059016,0.7276640145117801,1
51.070940678751555,25.576997470703702,0.49473629257243157,0
52.799879951432,24.376591304856085,0.4872170552379346,0
66.20119875855423,42.29431246100926,0.6762328530962809,1
47.68678952102819,29.724677937044852,0.5071265035039729,0
78.54308525681554,40.64064881055029,0.6437910428618445,1
69.94204611659939,38.001685588120296,0.7089351082910341,1
65.76146205802524,47.48729061585268,0.6957751443947527,1
69.51408421613522,45.236379936334004,0.6488473743611501,1
47.807930669947126,50.186606974766164,0.4688158748041881,0
44.69860213886032,33.35556245414039,0.4160820685233171,0
66.2374182263721,46.62744217718094,0.6534169546418205,1
71.25810284542699,46.47784605802415,0.7024323196044847,1
52.895024553761935,23.434405278928487,0.4839743064947012,0
69.3749298317213,42.20624436763007,0.765810054728524,1
67.5837948759339,48.311096037235345,0.707769454809112,1
74.45914103325795,45.981567137350396,0.657543269075338,1
71.34712393498084,46.379298240965,0.7966655079858611,1
67.00431987627141,50.660352229372826,0.6985250215808934,1
76.1906016202039,41.31186374438937,0.7680634964292551,1
74.97640810701085,48.084879930758646,0.6436572173593784,1
67.36794184320907,40.38767645793331,0.6524354572034693,1
48.99733500326794,32.83482114909534,0.5176837263435715,0
71.47610810591794,42.816056562376374,0.6796202949266725,1
48.63181468428889,35.246634386373046,0.5827172894646864,0
51.734995796061064,28.427784993020975,0.4793638596074462,0
68.90748648806472,45.97416002859166,0.7520832900089107,1
72.0592960038385,45.382059579210754,0.7027444009712278,1
70.56698490444847,44.994080367522685,0.6937510243451805,1
67.04053088797362,42.60197665139921,0.7733326822327746,1
54.15052375051684,32.315118436073,0.5013042294256768,0
46.26530745201897,30.381225573730084,0.562084742501035,0
69.31031104504412,43.13328217955975,0.7780765583587262,1
43.98537225045019,32.81411668630971,0.495110035807463,0
67.39667519157379,39.760592199486744,0.8494610955378403,1
42.683942096656786,32.80539435793309,0.538525911033573,0
40.631628139075765,33.955763018178416,0.5427408344124501,0
48.59881228737055,33.816650449293974,0.5512250913303021,0
55.34148462148177,24.855843734117776,0.5268875433290852,0
58.68688331841373,31.34336047679351,0.553410387208597,0
47.943980531110576,32.20603116154259,0.5373656158810701,0
67.95401184215837,54.414283084889576,0.7202385438180663,1
67.00151013229377,46.083742864729615,0.6747053367832273,1
41.95214030135811,34.59179184943909,0.49059865757647975,0
49.322696955106395,17.35125027550992,0.48849778253630494,0
57.80403352352603,33.5063965054726,0.5379334490323154,0
66.80095689106973,43.077617739766346,0.7280638201288399,1
55.358753503112524,33.12246527761407,0.47448223383737886,0
64.39773503221659,34.054158067098996,0.44570053419442957,0
48.5824650301091,25.324778677678875,0.4458079299069432,0
70.25706280200052,39.85655425313408,0.6233860671060784,1
48.79535290041619,34.321949814450605,0.5672253522318623,0
63.75558151105858,45.033294051316894,0.7514741678809437,1
67.29877976485326,43.12553500757367,0.7734462043597882,1
68.84618130521585,44.29550605794191,0.6496149519163531,1
63.581815551091694,32.53742360704873,0.4689972541475235,0
65.46546660069649,46.83847342000107,0.7458875702449506,1
48.525487624379345,32.93101606409609,0.4635687114173289,0
73.82920207033081,48.32791506574365,0.6808127638419301,1
49.50689593127004,37.86332283121622,0.5260960207988442,0
68.42750015558624,46.602030400597,0.7353103903744598,1
50.05098489429156,34.05600337339618,0.43562740119615495,0
74.5476817442725,49.39243985761035,0.6682055422768338,1
48.91205928568234,37.2478407135611,0.5076841468823183,0
43.46437060002062,26.866413160290325,0.44508421532583536,0
64.90209181890451,46.06916198736825,0.6911719094275085,1
49.68327790656545,32.804852121532136,0.46668534752725854,0
70.16614717662578,49.030006943988994,0.7208456384530466,1
66.19736703617812,49.14063502789026,0.710351664266898,1
41.256646151511475,25.544704337656466,0.5281344810161044,0
72.45423109335589,48.610177538881196,0.6712234009316889,1
72.87046164367848,40.616907238475754,0.7039761291766522,1
70.57391447611856,47.571963696726264,0.6502826228982466,1
50.383242278247785,28.100638683219028,0.45778847686508184,0
49.124362744665326,34.1535166769947,0.5338608003318754,0
68.86168899410669,41.881311903777394,0.6745758273747726,1
45.77587222824412,27.03339379220257,0.5435011365797587,0
70.03697604632858,40.50002944229716,0.639907874777042,1
54.47539513852236,34.44017759601036,0.49244935168816134,0
70.99665856375967,44.373734959057295,0.7687918219777102,1
50.41622180848506,31.633352780337987,0.49704449944941914,0
66.02821803257748,47.60039614497428,0.6686552800738013,1
52.30327036719864,34.989995363149944,0.47089136455815084,0
45.84273419770343,26.23313955649228,0.5535051954600446,0
47.80899383932643,27.096093347805578,0.5451888536320783,0
71.09397113556223,39.70276184641572,0.682066807011874,1
50.261557540564915,26.75321182260961,0.5257259383092502,0
41.249166706878626,19.765144812363282,0.48441442209115904,0
68.97310405870203,41.35142160654135,0.7472933574475604,1
55.12557301171445,29.368634830313454,0.5205240743858444,0
70.70974311834627,45.827738774515254,0.711797067041988,1
63.69553085316299,45.40718158147189,0.671868397012417,1
68.23334916374216,45.98675855622038,0.6872785654922934,1
54.191396930062766,33.111300318951876,0.42039193551601894,0
65.25685429683175,41.2800735729678,0.6807436301499407,1
66.9609355048924,43.08330742631611,0.7028354036366794,1
67.85736078025747,46.016108568108216,0.747673567461659,1
47.43799999544945,34.62538818288935,0.4618696112280705,0
71.59747341520425,45.997378020922376,0.6879583070373243,1
76.28453756441981,39.91725751326149,0.687743330028715,1
48.62156061196725,30.795380779627372,0.5597777339565491,0
69.3326627766325,49.23505040693035,0.687391816678186,1
51.93336532026463,37.85554041144258,0.5041475282707135,0
66.92747922399232,45.758723279401345,0.725994133406764,1
69.63950061611777,46.82696611464786,0.6768106314028289,1
48.957705453167215,25.358287422383924,0.3562373079537826,0
43.9472603446285,29.736068767954375,0.5562899710280615,0
47.24120172000011,34.55739131216603,0.6102139720103885,0
54.38695296171055,34.12151281788535,0.48608137240041177,0
68.72194413017318,42.521822894415244,0.7627640391232782,1
53.43810323075969,35.902732702739,0.4737893010376751,0
74.60459740405089,47.71020452479247,0.7047094531073369,1
42.745950056123604,29.404348886058514,0.5496235335913422,0
65.19064664855426,43.84276151306456,0.7835161896884457,1
44.28426434593369,35.934387545062194,0.4908843548608647,0
70.62473888785951,49.7622428816323,0.7286222644500835,1
70.37408142344125,52.28315051569649,0.6745214797546673,1
43.45633363889083,26.070933164503213,0.485084785223989,0
51.91383129165951,33.776969719548276,0.4588720968392237,0
47.62403663899061,31.878875359957572,0.5986281871894158,0
53.51822044874221,28.27168343260151,0.4695961259889512,0
67.6879278878287,44.45444054321789,0.7787620092813097,1
69.67022807052636,43.680633023305674,0.7263474196458319,1
65.7353347584808,44.76563408800174,0.7446920288384212,1
69.65280401748574,44.25492718247851,0.7354135005867071,1
67.52109415783742,41.92797653254344,0.6848199790636766,1
